bn_id,personLabel,childLabel,date_value,year,date_prec,had_child_edtf,note,child,s,person,bn_dob_yr,bn_dod_yr,bn_dob,bn_dod,age,all_start_date,all_end_date,earliest,latest,start_age,last_age,latest_year,earliest_year
Q546,Adelaide Alexandra Cragg,,1883-06-21T00:00:00Z,1883,11,1883-06-21,,,Q546-408c0cf4-45be-66ca-9f67-4fd8f38a2cda,https://beyond-notability.wikibase.cloud/entity/Q546,1865,1947,1865-01-01T00:00:00Z,1947-10-15T00:00:00Z,18,1832-01-01T00:00:00Z,1942-01-01T00:00:00Z,1883-06-21T00:00:00Z,1888-06-21T00:00:00Z,18,23,1888,1883
Q546,Adelaide Alexandra Cragg,,1886-05-21T00:00:00Z,1886,11,1886-05-21,,,Q546-1a00bc2f-4dbb-2328-38c6-c79c6414c76e,https://beyond-notability.wikibase.cloud/entity/Q546,1865,1947,1865-01-01T00:00:00Z,1947-10-15T00:00:00Z,21,1832-01-01T00:00:00Z,1942-01-01T00:00:00Z,1883-06-21T00:00:00Z,1888-06-21T00:00:00Z,18,23,1888,1883
Q546,Adelaide Alexandra Cragg,,1888-06-21T00:00:00Z,1888,11,1888-06-21,,,Q546-8dd86ff7-43e8-5b6f-a306-ca6ab942e2f3,https://beyond-notability.wikibase.cloud/entity/Q546,1865,1947,1865-01-01T00:00:00Z,1947-10-15T00:00:00Z,23,1832-01-01T00:00:00Z,1942-01-01T00:00:00Z,1883-06-21T00:00:00Z,1888-06-21T00:00:00Z,18,23,1888,1883
Q1006,Agnes Ramsay,,1880-01-01T00:00:00Z,1880,9,1880,,,Q1006-a5dd5abf-46a8-78c1-ee6d-36f7a29e5b0e,https://beyond-notability.wikibase.cloud/entity/Q1006,1852,1927,1852-01-01T00:00:00Z,1927-01-01T00:00:00Z,28,1832-01-01T00:00:00Z,1942-01-01T00:00:00Z,1880-01-01T00:00:00Z,1894-01-01T00:00:00Z,28,42,1894,1880
Q1006,Agnes Ramsay,Margaret Ramsay,1881-01-01T00:00:00Z,1881,9,,,Q1028,Q1006-c446cdc2-4067-3048-cf27-58766465332f,https://beyond-notability.wikibase.cloud/entity/Q1006,1852,1927,1852-01-01T00:00:00Z,1927-01-01T00:00:00Z,29,1832-01-01T00:00:00Z,1942-01-01T00:00:00Z,1880-01-01T00:00:00Z,1894-01-01T00:00:00Z,28,42,1894,1880
Q1006,Agnes Ramsay,,1886-01-01T00:00:00Z,1886,9,1886,,,Q1006-6d922b78-4437-5d88-9764-982f0061ecfb,https://beyond-notability.wikibase.cloud/entity/Q1006,1852,1927,1852-01-01T00:00:00Z,1927-01-01T00:00:00Z,34,1832-01-01T00:00:00Z,1942-01-01T00:00:00Z,1880-01-01T00:00:00Z,1894-01-01T00:00:00Z,28,42,1894,1880
Q1006,Agnes Ramsay,,1888-01-01T00:00:00Z,1888,9,1888,,,Q1006-9b2f6ab2-4e30-e941-3b1f-a07b15fa5194,https://beyond-notability.wikibase.cloud/entity/Q1006,1852,1927,1852-01-01T00:00:00Z,1927-01-01T00:00:00Z,36,1832-01-01T00:00:00Z,1942-01-01T00:00:00Z,1880-01-01T00:00:00Z,1894-01-01T00:00:00Z,28,42,1894,1880
Q1006,Agnes Ramsay,,1890-01-01T00:00:00Z,1890,9,1890,,,Q1006-0da3e2a4-4bd0-81f8-6850-02113e6f4133,https://beyond-notability.wikibase.cloud/entity/Q1006,1852,1927,1852-01-01T00:00:00Z,1927-01-01T00:00:00Z,38,1832-01-01T00:00:00Z,1942-01-01T00:00:00Z,1880-01-01T00:00:00Z,1894-01-01T00:00:00Z,28,42,1894,1880
Q1006,Agnes Ramsay,,1894-01-01T00:00:00Z,1894,9,1894,,,Q1006-d3058492-4863-d9e4-2b7f-11ed2019ccef,https://beyond-notability.wikibase.cloud/entity/Q1006,1852,1927,1852-01-01T00:00:00Z,1927-01-01T00:00:00Z,42,1832-01-01T00:00:00Z,1942-01-01T00:00:00Z,1880-01-01T00:00:00Z,1894-01-01T00:00:00Z,28,42,1894,1880
Q1088,Albina Lucy Cust Wherry,Beatrix Albina Wherry,1887-01-01T00:00:00Z,1887,9,,,Q1090,Q1088-7db0b2e4-404b-fbbb-3e35-875a98443627,https://beyond-notability.wikibase.cloud/entity/Q1088,1857,1929,1857-10-18T00:00:00Z,1929-03-04T00:00:00Z,30,1832-01-01T00:00:00Z,1942-01-01T00:00:00Z,1887-01-01T00:00:00Z,1887-01-01T00:00:00Z,30,30,1887,1887
Q984,Alice Anne Mee,,1879-01-01T00:00:00Z,1879,9,1879,,,Q984-712e19e5-48a3-e8a7-05c3-b440193c0393,https://beyond-notability.wikibase.cloud/entity/Q984,1844,1903,1844-07-24T00:00:00Z,1903-01-01T00:00:00Z,35,1832-01-01T00:00:00Z,1942-01-01T00:00:00Z,1879-01-01T00:00:00Z,1879-01-01T00:00:00Z,35,35,1879,1879
Q894,Alice Bertha Gomme,,1877-01-01T00:00:00Z,1877,9,1877,,,Q894-e4c8697b-45fc-d83d-e22a-dad3c9ece3ef,https://beyond-notability.wikibase.cloud/entity/Q894,1853,1938,1853-01-01T00:00:00Z,1938-01-05T00:00:00Z,24,1832-01-01T00:00:00Z,1942-01-01T00:00:00Z,1877-01-01T00:00:00Z,1892-01-01T00:00:00Z,24,39,1892,1877
Q894,Alice Bertha Gomme,,1881-01-01T00:00:00Z,1881,9,1881,,,Q894-cce50129-4241-eb1d-4f33-733a13c31e24,https://beyond-notability.wikibase.cloud/entity/Q894,1853,1938,1853-01-01T00:00:00Z,1938-01-05T00:00:00Z,28,1832-01-01T00:00:00Z,1942-01-01T00:00:00Z,1877-01-01T00:00:00Z,1892-01-01T00:00:00Z,24,39,1892,1877
Q894,Alice Bertha Gomme,,1883-01-01T00:00:00Z,1883,9,1883,,,Q894-46ea8e19-4007-5a5d-90b9-cfd6958c0e76,https://beyond-notability.wikibase.cloud/entity/Q894,1853,1938,1853-01-01T00:00:00Z,1938-01-05T00:00:00Z,30,1832-01-01T00:00:00Z,1942-01-01T00:00:00Z,1877-01-01T00:00:00Z,1892-01-01T00:00:00Z,24,39,1892,1877
Q894,Alice Bertha Gomme,,1885-01-01T00:00:00Z,1885,9,1885,,,Q894-dcb5f90e-4264-2c62-092c-659fdb3adc4b,https://beyond-notability.wikibase.cloud/entity/Q894,1853,1938,1853-01-01T00:00:00Z,1938-01-05T00:00:00Z,32,1832-01-01T00:00:00Z,1942-01-01T00:00:00Z,1877-01-01T00:00:00Z,1892-01-01T00:00:00Z,24,39,1892,1877
Q894,Alice Bertha Gomme,,1887-01-01T00:00:00Z,1887,9,1887,,,Q894-8c0b442f-440a-d397-53f5-9ade92d53bcc,https://beyond-notability.wikibase.cloud/entity/Q894,1853,1938,1853-01-01T00:00:00Z,1938-01-05T00:00:00Z,34,1832-01-01T00:00:00Z,1942-01-01T00:00:00Z,1877-01-01T00:00:00Z,1892-01-01T00:00:00Z,24,39,1892,1877
Q894,Alice Bertha Gomme,,1889-01-01T00:00:00Z,1889,9,1889,,,Q894-12d4219f-4ab3-e13b-d09d-728356755b1b,https://beyond-notability.wikibase.cloud/entity/Q894,1853,1938,1853-01-01T00:00:00Z,1938-01-05T00:00:00Z,36,1832-01-01T00:00:00Z,1942-01-01T00:00:00Z,1877-01-01T00:00:00Z,1892-01-01T00:00:00Z,24,39,1892,1877
Q894,Alice Bertha Gomme,,1892-01-01T00:00:00Z,1892,9,1892,,,Q894-1393a6ad-4acb-f976-0c9b-1a9ca4d096cd,https://beyond-notability.wikibase.cloud/entity/Q894,1853,1938,1853-01-01T00:00:00Z,1938-01-05T00:00:00Z,39,1832-01-01T00:00:00Z,1942-01-01T00:00:00Z,1877-01-01T00:00:00Z,1892-01-01T00:00:00Z,24,39,1892,1877
Q904,Alice Grenfell,,1870-01-01T00:00:00Z,1870,9,1870,,,Q904-d4248466-4409-ffb2-c514-474f8160ff6b,https://beyond-notability.wikibase.cloud/entity/Q904,1842,1917,1842-01-01T00:00:00Z,1917-08-08T00:00:00Z,28,1832-01-01T00:00:00Z,1942-01-01T00:00:00Z,1870-01-01T00:00:00Z,1870-01-01T00:00:00Z,28,28,1870,1870
Q1132,Alice Minet,Susan Minet,1884-01-01T00:00:00Z,1884,9,,,Q2371,Q1132-74dffb77-4338-0bac-833f-90caf9588651,https://beyond-notability.wikibase.cloud/entity/Q1132,1856,1887,1856-01-01T00:00:00Z,1887-01-01T00:00:00Z,28,1832-01-01T00:00:00Z,1942-01-01T00:00:00Z,1884-01-01T00:00:00Z,1884-01-01T00:00:00Z,28,28,1884,1884
Q1378,Alicia Tyssen-Amherst,,1899-01-01T00:00:00Z,1899,9,1899,,,Q1378-fc5d4afa-429e-a22d-94aa-c428271898aa,https://beyond-notability.wikibase.cloud/entity/Q1378,1865,1941,1865-07-30T00:00:00Z,1941-09-14T00:00:00Z,34,1832-01-01T00:00:00Z,1942-01-01T00:00:00Z,1899-01-01T00:00:00Z,1905-01-01T00:00:00Z,34,40,1905,1899
Q1378,Alicia Tyssen-Amherst,,1905-01-01T00:00:00Z,1905,9,1905,,,Q1378-1dc269ad-41d1-503a-b05e-0d6d612228cb,https://beyond-notability.wikibase.cloud/entity/Q1378,1865,1941,1865-07-30T00:00:00Z,1941-09-14T00:00:00Z,40,1832-01-01T00:00:00Z,1942-01-01T00:00:00Z,1899-01-01T00:00:00Z,1905-01-01T00:00:00Z,34,40,1905,1899
Q1017,Anne Sophia Place,,1871-01-01T00:00:00Z,1871,9,1871,,,Q1017-74a17e00-4f64-743e-7407-9a43df21fb2a,https://beyond-notability.wikibase.cloud/entity/Q1017,1842,,1842-01-01T00:00:00Z,,29,1832-01-01T00:00:00Z,1942-01-01T00:00:00Z,1871-01-01T00:00:00Z,1871-01-01T00:00:00Z,29,29,1871,1871
Q1380,Augusta Charlotte Elizabeth Herbert,,1851-01-01T00:00:00Z,1851,9,1851,,,Q1380-d08af696-40ba-f2c6-0296-43641bc104aa,https://beyond-notability.wikibase.cloud/entity/Q1380,1828,1914,1828-01-01T00:00:00Z,1914-01-01T00:00:00Z,23,1832-01-01T00:00:00Z,1942-01-01T00:00:00Z,1851-01-01T00:00:00Z,1851-01-01T00:00:00Z,23,23,1851,1851
Q1053,Charlotte Carmichael Stopes,,1880-10-15T00:00:00Z,1880,11,1880-10-15,,,Q1053-35ed783c-41e4-9d67-88a3-6b4039111654,https://beyond-notability.wikibase.cloud/entity/Q1053,1840,1929,1840-02-05T00:00:00Z,1929-02-06T00:00:00Z,40,1832-01-01T00:00:00Z,1942-01-01T00:00:00Z,1880-10-15T00:00:00Z,1884-03-13T00:00:00Z,40,44,1884,1880
Q1053,Charlotte Carmichael Stopes,,1884-03-13T00:00:00Z,1884,11,1884-03-13,,,Q1053-39687a43-4407-a535-3a5d-00a6eb4c13d3,https://beyond-notability.wikibase.cloud/entity/Q1053,1840,1929,1840-02-05T00:00:00Z,1929-02-06T00:00:00Z,44,1832-01-01T00:00:00Z,1942-01-01T00:00:00Z,1880-10-15T00:00:00Z,1884-03-13T00:00:00Z,40,44,1884,1880
Q945,Charlotte Latham,,1833-01-01T00:00:00Z,1833,9,1833,,,Q945-30b2036c-4c3c-2925-acc8-b95bfab67c02,https://beyond-notability.wikibase.cloud/entity/Q945,1802,1883,1802-01-01T00:00:00Z,1883-01-01T00:00:00Z,31,1832-01-01T00:00:00Z,1942-01-01T00:00:00Z,1833-01-01T00:00:00Z,1833-01-01T00:00:00Z,31,31,1833,1833
Q1376,Charlotte Schreiber,,1834-01-01T00:00:00Z,1834,9,1834,,,Q1376-b99202a6-4af9-6a91-7559-fd0905db1c82,https://beyond-notability.wikibase.cloud/entity/Q1376,1812,1895,1812-05-19T00:00:00Z,1895-01-15T00:00:00Z,22,1832-01-01T00:00:00Z,1942-01-01T00:00:00Z,1834-01-01T00:00:00Z,1847-01-01T00:00:00Z,22,35,1847,1834
Q1376,Charlotte Schreiber,,1835-01-01T00:00:00Z,1835,9,1835,,,Q1376-2a63dafc-47f9-92fb-12f0-b925d6601335,https://beyond-notability.wikibase.cloud/entity/Q1376,1812,1895,1812-05-19T00:00:00Z,1895-01-15T00:00:00Z,23,1832-01-01T00:00:00Z,1942-01-01T00:00:00Z,1834-01-01T00:00:00Z,1847-01-01T00:00:00Z,22,35,1847,1834
Q1376,Charlotte Schreiber,,1837-01-01T00:00:00Z,1837,9,1837,,,Q1376-90fe9116-42e5-d789-f92f-04efb438cff5,https://beyond-notability.wikibase.cloud/entity/Q1376,1812,1895,1812-05-19T00:00:00Z,1895-01-15T00:00:00Z,25,1832-01-01T00:00:00Z,1942-01-01T00:00:00Z,1834-01-01T00:00:00Z,1847-01-01T00:00:00Z,22,35,1847,1834
Q1376,Charlotte Schreiber,,1838-01-01T00:00:00Z,1838,9,1838,,,Q1376-a5d031a8-4273-854d-93ca-7cafe421a559,https://beyond-notability.wikibase.cloud/entity/Q1376,1812,1895,1812-05-19T00:00:00Z,1895-01-15T00:00:00Z,26,1832-01-01T00:00:00Z,1942-01-01T00:00:00Z,1834-01-01T00:00:00Z,1847-01-01T00:00:00Z,22,35,1847,1834
Q1376,Charlotte Schreiber,,1839-01-01T00:00:00Z,1839,9,1839,,,Q1376-8f359ea8-4799-3308-0b97-c1e35463747d,https://beyond-notability.wikibase.cloud/entity/Q1376,1812,1895,1812-05-19T00:00:00Z,1895-01-15T00:00:00Z,27,1832-01-01T00:00:00Z,1942-01-01T00:00:00Z,1834-01-01T00:00:00Z,1847-01-01T00:00:00Z,22,35,1847,1834
Q1376,Charlotte Schreiber,,1840-01-01T00:00:00Z,1840,9,1840,,,Q1376-38825a8e-495f-8bc5-fd53-1c0c88be12f0,https://beyond-notability.wikibase.cloud/entity/Q1376,1812,1895,1812-05-19T00:00:00Z,1895-01-15T00:00:00Z,28,1832-01-01T00:00:00Z,1942-01-01T00:00:00Z,1834-01-01T00:00:00Z,1847-01-01T00:00:00Z,22,35,1847,1834
Q1376,Charlotte Schreiber,,1841-01-01T00:00:00Z,1841,9,1841,,,Q1376-1297cbb6-4cb1-fbca-e535-5873cc851ddc,https://beyond-notability.wikibase.cloud/entity/Q1376,1812,1895,1812-05-19T00:00:00Z,1895-01-15T00:00:00Z,29,1832-01-01T00:00:00Z,1942-01-01T00:00:00Z,1834-01-01T00:00:00Z,1847-01-01T00:00:00Z,22,35,1847,1834
Q1376,Charlotte Schreiber,,1843-01-01T00:00:00Z,1843,9,1843,,,Q1376-f9750c8f-4478-ff4e-1f36-cdf96be918ce,https://beyond-notability.wikibase.cloud/entity/Q1376,1812,1895,1812-05-19T00:00:00Z,1895-01-15T00:00:00Z,31,1832-01-01T00:00:00Z,1942-01-01T00:00:00Z,1834-01-01T00:00:00Z,1847-01-01T00:00:00Z,22,35,1847,1834
Q1376,Charlotte Schreiber,,1844-01-01T00:00:00Z,1844,9,1844,,,Q1376-e3392019-4eba-6a2d-6d60-f60a5d69ceba,https://beyond-notability.wikibase.cloud/entity/Q1376,1812,1895,1812-05-19T00:00:00Z,1895-01-15T00:00:00Z,32,1832-01-01T00:00:00Z,1942-01-01T00:00:00Z,1834-01-01T00:00:00Z,1847-01-01T00:00:00Z,22,35,1847,1834
Q1376,Charlotte Schreiber,,1847-01-01T00:00:00Z,1847,9,1847,,,Q1376-982e49d7-4b85-1bc3-24c6-6ae69f78350d,https://beyond-notability.wikibase.cloud/entity/Q1376,1812,1895,1812-05-19T00:00:00Z,1895-01-15T00:00:00Z,35,1832-01-01T00:00:00Z,1942-01-01T00:00:00Z,1834-01-01T00:00:00Z,1847-01-01T00:00:00Z,22,35,1847,1834
Q3732,Christine Sophie Marie Toms,,1908-01-01T00:00:00Z,1908,9,1908,,,Q3732-4310f9a7-43cb-7843-17e5-935061ddad4e,https://beyond-notability.wikibase.cloud/entity/Q3732,1877,1927,1877-01-01T00:00:00Z,1927-01-01T00:00:00Z,31,1832-01-01T00:00:00Z,1942-01-01T00:00:00Z,1908-01-01T00:00:00Z,1908-01-01T00:00:00Z,31,31,1908,1908
Q1038,Constance Charlotte Elisa Russell,,1868-01-01T00:00:00Z,1868,9,1868,,,Q1038-45aa564b-476f-5146-3bd2-4674d2bb812a,https://beyond-notability.wikibase.cloud/entity/Q1038,1832,1925,1832-01-01T00:00:00Z,1925-06-20T00:00:00Z,36,1832-01-01T00:00:00Z,1942-01-01T00:00:00Z,1868-01-01T00:00:00Z,1878-01-01T00:00:00Z,36,46,1878,1868
Q1038,Constance Charlotte Elisa Russell,,1873-01-01T00:00:00Z,1873,9,1873,,,Q1038-a1768cea-4077-b026-f1f6-1da9f2307e9f,https://beyond-notability.wikibase.cloud/entity/Q1038,1832,1925,1832-01-01T00:00:00Z,1925-06-20T00:00:00Z,41,1832-01-01T00:00:00Z,1942-01-01T00:00:00Z,1868-01-01T00:00:00Z,1878-01-01T00:00:00Z,36,46,1878,1868
Q1038,Constance Charlotte Elisa Russell,,1878-01-01T00:00:00Z,1878,9,1878,,,Q1038-df1c7e15-45f4-eed7-37c9-bcca1543782e,https://beyond-notability.wikibase.cloud/entity/Q1038,1832,1925,1832-01-01T00:00:00Z,1925-06-20T00:00:00Z,46,1832-01-01T00:00:00Z,1942-01-01T00:00:00Z,1868-01-01T00:00:00Z,1878-01-01T00:00:00Z,36,46,1878,1868
Q2244,Dora Patience Peers,Charles Reed Peers,1868-09-22T00:00:00Z,1868,11,,,Q55,Q2244-a740e3f8-46a7-339e-50d0-4b7da89396f6,https://beyond-notability.wikibase.cloud/entity/Q2244,1843,1914,1843-01-01T00:00:00Z,1914-01-01T00:00:00Z,25,1832-01-01T00:00:00Z,1942-01-01T00:00:00Z,1868-09-22T00:00:00Z,1868-09-22T00:00:00Z,25,25,1868,1868
Q792,Dorothy Mary Mackay,,1914-01-01T00:00:00Z,1914,9,1914,,,Q792-3e7ca68f-4305-c709-6936-1e45ab2801ce,https://beyond-notability.wikibase.cloud/entity/Q792,1881,1953,1881-01-01T00:00:00Z,1953-02-08T00:00:00Z,33,1832-01-01T00:00:00Z,1942-01-01T00:00:00Z,1914-01-01T00:00:00Z,1916-01-01T00:00:00Z,33,35,1916,1914
Q792,Dorothy Mary Mackay,,1916-01-01T00:00:00Z,1916,9,1916,,,Q792-6ea4cd97-448d-8e77-73e5-09f51ac8487f,https://beyond-notability.wikibase.cloud/entity/Q792,1881,1953,1881-01-01T00:00:00Z,1953-02-08T00:00:00Z,35,1832-01-01T00:00:00Z,1942-01-01T00:00:00Z,1914-01-01T00:00:00Z,1916-01-01T00:00:00Z,33,35,1916,1914
Q462,Edith Blake,,1875-11-05T00:00:00Z,1875,11,1875-11-05,,,Q462-06716676-4b81-d758-9b5e-d7ef0310c2c8,https://beyond-notability.wikibase.cloud/entity/Q462,1846,1926,1846-02-07T00:00:00Z,1926-04-18T00:00:00Z,29,1832-01-01T00:00:00Z,1942-01-01T00:00:00Z,1875-11-05T00:00:00Z,1878-06-06T00:00:00Z,29,32,1878,1875
Q462,Edith Blake,,1877-01-15T00:00:00Z,1877,11,1877-01-15,,,Q462-48de832a-43e8-7d3a-99e7-b31feddc2efd,https://beyond-notability.wikibase.cloud/entity/Q462,1846,1926,1846-02-07T00:00:00Z,1926-04-18T00:00:00Z,31,1832-01-01T00:00:00Z,1942-01-01T00:00:00Z,1875-11-05T00:00:00Z,1878-06-06T00:00:00Z,29,32,1878,1875
Q462,Edith Blake,,1878-06-06T00:00:00Z,1878,11,1878-06-06,,,Q462-07acf1f8-471d-88fd-842b-7ebc9f519078,https://beyond-notability.wikibase.cloud/entity/Q462,1846,1926,1846-02-07T00:00:00Z,1926-04-18T00:00:00Z,32,1832-01-01T00:00:00Z,1942-01-01T00:00:00Z,1875-11-05T00:00:00Z,1878-06-06T00:00:00Z,29,32,1878,1875
Q1063,Eleanor Blanche Tempest,,1876-01-01T00:00:00Z,1876,9,1876,,,Q1063-2d283c17-4e14-e59c-db46-c7dc03e3674f,https://beyond-notability.wikibase.cloud/entity/Q1063,1858,1928,1858-01-01T00:00:00Z,1928-01-01T00:00:00Z,18,1832-01-01T00:00:00Z,1942-01-01T00:00:00Z,1876-01-01T00:00:00Z,1876-01-01T00:00:00Z,18,18,1876,1876
Q906,Eliza Gutch,,1870-01-01T00:00:00Z,1870,9,1870,,,Q906-f7d49858-4b55-8ce4-7080-63067cc3c8a1,https://beyond-notability.wikibase.cloud/entity/Q906,1840,1931,1840-01-01T00:00:00Z,1931-01-01T00:00:00Z,30,1832-01-01T00:00:00Z,1942-01-01T00:00:00Z,1870-01-01T00:00:00Z,1876-01-01T00:00:00Z,30,36,1876,1870
Q906,Eliza Gutch,,1872-01-01T00:00:00Z,1872,9,1872,,,Q906-b38155c2-41d8-dea3-b89c-0e62b44eccda,https://beyond-notability.wikibase.cloud/entity/Q906,1840,1931,1840-01-01T00:00:00Z,1931-01-01T00:00:00Z,32,1832-01-01T00:00:00Z,1942-01-01T00:00:00Z,1870-01-01T00:00:00Z,1876-01-01T00:00:00Z,30,36,1876,1870
Q906,Eliza Gutch,,1876-01-01T00:00:00Z,1876,9,1876,,,Q906-5ec7b0e3-466f-b823-7130-ad9fb2d1e6c9,https://beyond-notability.wikibase.cloud/entity/Q906,1840,1931,1840-01-01T00:00:00Z,1931-01-01T00:00:00Z,36,1832-01-01T00:00:00Z,1942-01-01T00:00:00Z,1870-01-01T00:00:00Z,1876-01-01T00:00:00Z,30,36,1876,1870
Q2567,Eliza Jane McGeagh,,1902-01-01T00:00:00Z,1902,9,1902,,,Q2567-c6c36d2c-4d40-9d0d-1337-25ad0e4898a9,https://beyond-notability.wikibase.cloud/entity/Q2567,1863,1939,1863-01-01T00:00:00Z,1939-01-01T00:00:00Z,39,1832-01-01T00:00:00Z,1942-01-01T00:00:00Z,1902-01-01T00:00:00Z,1903-01-01T00:00:00Z,39,40,1903,1902
Q2567,Eliza Jane McGeagh,,1903-01-01T00:00:00Z,1903,9,1903,,,Q2567-2d17920a-41f8-bfec-26b5-04c125632457,https://beyond-notability.wikibase.cloud/entity/Q2567,1863,1939,1863-01-01T00:00:00Z,1939-01-01T00:00:00Z,40,1832-01-01T00:00:00Z,1942-01-01T00:00:00Z,1902-01-01T00:00:00Z,1903-01-01T00:00:00Z,39,40,1903,1902
Q898,Elizabeth Caroline Hamilton Gray,,1833-01-01T00:00:00Z,1833,9,1833,,,Q898-f571b180-47b9-9e2d-6077-8d37759a34b0,https://beyond-notability.wikibase.cloud/entity/Q898,1800,1887,1800-04-03T00:00:00Z,1887-02-21T00:00:00Z,33,1832-01-01T00:00:00Z,1942-01-01T00:00:00Z,1833-01-01T00:00:00Z,1833-01-01T00:00:00Z,33,33,1833,1833
Q921,Elizabeth Hodgson,Katherine Sophia Hodgson,1889-01-01T00:00:00Z,1889,9,,,Q1540,Q921-e855553c-4132-4e64-ca94-09f939dec9f9,https://beyond-notability.wikibase.cloud/entity/Q921,1855,1935,1855-01-01T00:00:00Z,1935-08-03T00:00:00Z,34,1832-01-01T00:00:00Z,1942-01-01T00:00:00Z,1889-01-01T00:00:00Z,1889-01-01T00:00:00Z,34,34,1889,1889
Q3325,Elizabeth Senior,,1941-01-01T00:00:00Z,1941,9,1941,,,Q3325-646cbb50-4749-701b-72eb-3a9c9e1da721,https://beyond-notability.wikibase.cloud/entity/Q3325,1910,1941,1910-06-29T00:00:00Z,1941-05-11T00:00:00Z,31,1832-01-01T00:00:00Z,1942-01-01T00:00:00Z,1941-01-01T00:00:00Z,1941-01-01T00:00:00Z,31,31,1941,1941
Q491,Ella Sophia Armitage,,1877-01-01T00:00:00Z,1877,9,1877,,,Q491-a0085db4-4389-6447-473f-985726f43cc5,https://beyond-notability.wikibase.cloud/entity/Q491,1841,1931,1841-03-03T00:00:00Z,1931-03-20T00:00:00Z,36,1832-01-01T00:00:00Z,1942-01-01T00:00:00Z,1877-01-01T00:00:00Z,1879-01-01T00:00:00Z,36,38,1879,1877
Q491,Ella Sophia Armitage,,1879-01-01T00:00:00Z,1879,9,1879,,,Q491-6f217e20-4984-6eb9-2095-f2d7e07cd4c5,https://beyond-notability.wikibase.cloud/entity/Q491,1841,1931,1841-03-03T00:00:00Z,1931-03-20T00:00:00Z,38,1832-01-01T00:00:00Z,1942-01-01T00:00:00Z,1877-01-01T00:00:00Z,1879-01-01T00:00:00Z,36,38,1879,1877
Q848,Emily Day,,1856-01-01T00:00:00Z,1856,9,1856,,,Q848-704773ed-4ad5-1d79-98d6-c5db01ff2c99,https://beyond-notability.wikibase.cloud/entity/Q848,1828,,1828-01-01T00:00:00Z,,28,1832-01-01T00:00:00Z,1942-01-01T00:00:00Z,1856-01-01T00:00:00Z,1856-01-01T00:00:00Z,28,28,1856,1856
Q835,Emily Jane Climenson,,1869-01-01T00:00:00Z,1869,9,1869,,,Q835-20e3979b-4ef6-e7df-5eb7-ed5806967d80,https://beyond-notability.wikibase.cloud/entity/Q835,1844,1921,1844-05-15T00:00:00Z,1921-06-10T00:00:00Z,25,1832-01-01T00:00:00Z,1942-01-01T00:00:00Z,1869-01-01T00:00:00Z,1873-01-01T00:00:00Z,25,29,1873,1869
Q835,Emily Jane Climenson,,1871-01-01T00:00:00Z,1871,9,1871,,,Q835-a9a3455c-468e-207a-33cb-8c347e57f8e4,https://beyond-notability.wikibase.cloud/entity/Q835,1844,1921,1844-05-15T00:00:00Z,1921-06-10T00:00:00Z,27,1832-01-01T00:00:00Z,1942-01-01T00:00:00Z,1869-01-01T00:00:00Z,1873-01-01T00:00:00Z,25,29,1873,1869
Q835,Emily Jane Climenson,,1873-01-01T00:00:00Z,1873,9,1873,,,Q835-cc99ff11-4d22-cf74-bd2a-272450d86d92,https://beyond-notability.wikibase.cloud/entity/Q835,1844,1921,1844-05-15T00:00:00Z,1921-06-10T00:00:00Z,29,1832-01-01T00:00:00Z,1942-01-01T00:00:00Z,1869-01-01T00:00:00Z,1873-01-01T00:00:00Z,25,29,1873,1869
Q1069,Emily Mary Chenevix Trench,,1876-01-01T00:00:00Z,1876,9,1876,,,Q1069-370bf5e4-4854-430c-69d3-0b025bdf0c63,https://beyond-notability.wikibase.cloud/entity/Q1069,1848,1919,1848-06-03T00:00:00Z,1919-10-03T00:00:00Z,28,1832-01-01T00:00:00Z,1942-01-01T00:00:00Z,1876-01-01T00:00:00Z,1876-01-01T00:00:00Z,28,28,1876,1876
Q418,Emily Mary Pritchard,,1890-01-01T00:00:00Z,1890,9,1890,,,Q418-b0dbc7ec-455f-737d-07af-0d3dd5a10a8f,https://beyond-notability.wikibase.cloud/entity/Q418,1852,1914,1852-01-01T00:00:00Z,1914-01-01T00:00:00Z,38,1832-01-01T00:00:00Z,1942-01-01T00:00:00Z,1890-01-01T00:00:00Z,1890-01-01T00:00:00Z,38,38,1890,1890
Q2276,Emily Smythies Machell Smith,,1870-01-01T00:00:00Z,1870,9,1870,,,Q2276-64937c67-4e49-58de-2742-dbbf0a2cccb4,https://beyond-notability.wikibase.cloud/entity/Q2276,1842,,1842-01-01T00:00:00Z,,28,1832-01-01T00:00:00Z,1942-01-01T00:00:00Z,1870-01-01T00:00:00Z,1870-01-01T00:00:00Z,28,28,1870,1870
Q488,Emily Winifred Allen,,1851-01-01T00:00:00Z,1851,9,1851,,,Q488-c2c7c587-41c1-f5b2-ff26-f7785ea5da59,https://beyond-notability.wikibase.cloud/entity/Q488,1821,1917,1821-01-01T00:00:00Z,1917-01-01T00:00:00Z,30,1832-01-01T00:00:00Z,1942-01-01T00:00:00Z,1851-01-01T00:00:00Z,1858-01-01T00:00:00Z,30,37,1858,1851
Q488,Emily Winifred Allen,,1852-01-01T00:00:00Z,1852,9,1852,,,Q488-85f31f57-410f-c71a-12ab-f58e6621b24b,https://beyond-notability.wikibase.cloud/entity/Q488,1821,1917,1821-01-01T00:00:00Z,1917-01-01T00:00:00Z,31,1832-01-01T00:00:00Z,1942-01-01T00:00:00Z,1851-01-01T00:00:00Z,1858-01-01T00:00:00Z,30,37,1858,1851
Q488,Emily Winifred Allen,,1855-01-01T00:00:00Z,1855,9,1855,,,Q488-d35b1aac-4d93-ee24-c6df-34824dffae3a,https://beyond-notability.wikibase.cloud/entity/Q488,1821,1917,1821-01-01T00:00:00Z,1917-01-01T00:00:00Z,34,1832-01-01T00:00:00Z,1942-01-01T00:00:00Z,1851-01-01T00:00:00Z,1858-01-01T00:00:00Z,30,37,1858,1851
Q488,Emily Winifred Allen,,1858-01-01T00:00:00Z,1858,9,1858,,,Q488-f3ea07ba-47b2-701b-821f-07592c7163bc,https://beyond-notability.wikibase.cloud/entity/Q488,1821,1917,1821-01-01T00:00:00Z,1917-01-01T00:00:00Z,37,1832-01-01T00:00:00Z,1942-01-01T00:00:00Z,1851-01-01T00:00:00Z,1858-01-01T00:00:00Z,30,37,1858,1851
Q880,Emma Louisa Radford,,1885-01-01T00:00:00Z,1885,9,1885,,,Q880-089a4aac-4b00-cd3a-09e3-1fdab8f6e06d,https://beyond-notability.wikibase.cloud/entity/Q880,1857,1937,1857-01-01T00:00:00Z,1937-04-26T00:00:00Z,28,1832-01-01T00:00:00Z,1942-01-01T00:00:00Z,1885-01-01T00:00:00Z,1894-01-01T00:00:00Z,28,37,1894,1885
Q880,Emma Louisa Radford,,1887-01-01T00:00:00Z,1887,9,1887,,,Q880-37242d9f-4a45-a910-65bb-296c2b87aeb7,https://beyond-notability.wikibase.cloud/entity/Q880,1857,1937,1857-01-01T00:00:00Z,1937-04-26T00:00:00Z,30,1832-01-01T00:00:00Z,1942-01-01T00:00:00Z,1885-01-01T00:00:00Z,1894-01-01T00:00:00Z,28,37,1894,1885
Q880,Emma Louisa Radford,Ursula Mary Radford,1894-01-01T00:00:00Z,1894,9,,,Q1523,Q880-ce5af333-40e0-62a4-90ac-8eb50b7fb66a,https://beyond-notability.wikibase.cloud/entity/Q880,1857,1937,1857-01-01T00:00:00Z,1937-04-26T00:00:00Z,37,1832-01-01T00:00:00Z,1942-01-01T00:00:00Z,1885-01-01T00:00:00Z,1894-01-01T00:00:00Z,28,37,1894,1885
Q1138,Emmeline Way,,1850-01-01T00:00:00Z,1850,9,1850,,,Q1138-97c999d8-48a8-61d6-4f7c-60ab5cde9d82,https://beyond-notability.wikibase.cloud/entity/Q1138,1810,1906,1810-01-01T00:00:00Z,1906-08-31T00:00:00Z,40,1832-01-01T00:00:00Z,1942-01-01T00:00:00Z,1850-01-01T00:00:00Z,1850-01-01T00:00:00Z,40,40,1850,1850
Q1892,Ethel Ann Burton-Brown,,1892-01-01T00:00:00Z,1892,9,1892,,,Q1892-e7cd8760-4536-dd9b-f695-bd6cb48910f7,https://beyond-notability.wikibase.cloud/entity/Q1892,1868,1927,1868-06-13T00:00:00Z,1927-03-21T00:00:00Z,24,1832-01-01T00:00:00Z,1942-01-01T00:00:00Z,1892-01-01T00:00:00Z,1903-01-01T00:00:00Z,24,35,1903,1892
Q1892,Ethel Ann Burton-Brown,,1903-01-01T00:00:00Z,1903,9,1903,,,Q1892-48d43231-442b-41c1-5ff2-aac5e6ce58ba,https://beyond-notability.wikibase.cloud/entity/Q1892,1868,1927,1868-06-13T00:00:00Z,1927-03-21T00:00:00Z,35,1832-01-01T00:00:00Z,1942-01-01T00:00:00Z,1892-01-01T00:00:00Z,1903-01-01T00:00:00Z,24,35,1903,1892
Q936,Evelyn Mary Jones,,1884-03-19T00:00:00Z,1884,11,1884-03-19,,,Q936-929e1676-4fe0-20f4-d937-975fb0a20fbc,https://beyond-notability.wikibase.cloud/entity/Q936,1853,1912,1853-01-01T00:00:00Z,1912-07-17T00:00:00Z,31,1832-01-01T00:00:00Z,1942-01-01T00:00:00Z,1884-03-19T00:00:00Z,1886-01-01T00:00:00Z,31,33,1886,1884
Q936,Evelyn Mary Jones,,1886-01-01T00:00:00Z,1886,9,1886,,,Q936-68e9868a-45f2-cc07-fb20-d677306fc71b,https://beyond-notability.wikibase.cloud/entity/Q936,1853,1912,1853-01-01T00:00:00Z,1912-07-17T00:00:00Z,33,1832-01-01T00:00:00Z,1942-01-01T00:00:00Z,1884-03-19T00:00:00Z,1886-01-01T00:00:00Z,31,33,1886,1884
Q816,Fanny Mary Katherine Bulkeley-Owen,,1864-01-01T00:00:00Z,1864,9,1864,,,Q816-083e7227-4a6f-331f-0945-022fb424c748,https://beyond-notability.wikibase.cloud/entity/Q816,1845,1927,1845-01-01T00:00:00Z,1927-01-01T00:00:00Z,19,1832-01-01T00:00:00Z,1942-01-01T00:00:00Z,1864-01-01T00:00:00Z,1864-01-01T00:00:00Z,19,19,1864,1864
Q316,Fenella Armytage,,1852-01-01T00:00:00Z,1852,9,1852,,,Q316-6d228522-4428-471e-6130-8e5c58810ad2,https://beyond-notability.wikibase.cloud/entity/Q316,1832,1903,1832-05-31T00:00:00Z,1903-11-20T00:00:00Z,20,1832-01-01T00:00:00Z,1942-01-01T00:00:00Z,1852-01-01T00:00:00Z,1871-01-01T00:00:00Z,20,39,1871,1852
Q316,Fenella Armytage,,1853-01-01T00:00:00Z,1853,9,1853,,,Q316-b08fd1a9-4649-b96b-b5eb-5cec19af84fa,https://beyond-notability.wikibase.cloud/entity/Q316,1832,1903,1832-05-31T00:00:00Z,1903-11-20T00:00:00Z,21,1832-01-01T00:00:00Z,1942-01-01T00:00:00Z,1852-01-01T00:00:00Z,1871-01-01T00:00:00Z,20,39,1871,1852
Q316,Fenella Armytage,,1871-01-01T00:00:00Z,1871,9,1871,,,Q316-9e0f1221-4fd7-e2a0-57b1-dd0c8e142954,https://beyond-notability.wikibase.cloud/entity/Q316,1832,1903,1832-05-31T00:00:00Z,1903-11-20T00:00:00Z,39,1832-01-01T00:00:00Z,1942-01-01T00:00:00Z,1852-01-01T00:00:00Z,1871-01-01T00:00:00Z,20,39,1871,1852
Q995,Frances Murray,,1873-01-01T00:00:00Z,1873,9,1873,,,Q995-6c30d1d1-4b77-d3eb-10ff-3988866b7a83,https://beyond-notability.wikibase.cloud/entity/Q995,1843,1919,1843-02-23T00:00:00Z,1919-04-03T00:00:00Z,30,1832-01-01T00:00:00Z,1942-01-01T00:00:00Z,1873-01-01T00:00:00Z,1880-01-01T00:00:00Z,30,37,1880,1873
Q995,Frances Murray,,1875-01-01T00:00:00Z,1875,9,1875,,,Q995-1b355baf-4cb9-a0bf-b053-309efbbf9391,https://beyond-notability.wikibase.cloud/entity/Q995,1843,1919,1843-02-23T00:00:00Z,1919-04-03T00:00:00Z,32,1832-01-01T00:00:00Z,1942-01-01T00:00:00Z,1873-01-01T00:00:00Z,1880-01-01T00:00:00Z,30,37,1880,1873
Q995,Frances Murray,,1878-01-01T00:00:00Z,1878,9,1878,,,Q995-82ce067c-4ad8-7261-6ae9-eb02c3296037,https://beyond-notability.wikibase.cloud/entity/Q995,1843,1919,1843-02-23T00:00:00Z,1919-04-03T00:00:00Z,35,1832-01-01T00:00:00Z,1942-01-01T00:00:00Z,1873-01-01T00:00:00Z,1880-01-01T00:00:00Z,30,37,1880,1873
Q995,Frances Murray,,1880-01-01T00:00:00Z,1880,9,1880,,,Q995-3ca47f54-4b9c-fc17-a46c-a066b36d650d,https://beyond-notability.wikibase.cloud/entity/Q995,1843,1919,1843-02-23T00:00:00Z,1919-04-03T00:00:00Z,37,1832-01-01T00:00:00Z,1942-01-01T00:00:00Z,1873-01-01T00:00:00Z,1880-01-01T00:00:00Z,30,37,1880,1873
Q1702,Grace Maud Briscoe,,1911-12-03T00:00:00Z,1911,11,1911-12-03,,,Q1702-098d7b06-41d1-b30b-453b-6b6b6ea398f9,https://beyond-notability.wikibase.cloud/entity/Q1702,1891,1973,1891-02-09T00:00:00Z,1973-10-03T00:00:00Z,20,1832-01-01T00:00:00Z,1942-01-01T00:00:00Z,1911-12-03T00:00:00Z,1914-04-03T00:00:00Z,20,23,1914,1911
Q1702,Grace Maud Briscoe,,1914-04-03T00:00:00Z,1914,11,1914-04-03,,,Q1702-fb7da6b7-4649-445f-e0d1-e6e6982cd9fa,https://beyond-notability.wikibase.cloud/entity/Q1702,1891,1973,1891-02-09T00:00:00Z,1973-10-03T00:00:00Z,23,1832-01-01T00:00:00Z,1942-01-01T00:00:00Z,1911-12-03T00:00:00Z,1914-04-03T00:00:00Z,20,23,1914,1911
Q1065,Helen Mary Tirard,,1886-01-01T00:00:00Z,1886,9,1886,,,Q1065-e97c54c8-42b1-5045-dde0-b223968cb56a,https://beyond-notability.wikibase.cloud/entity/Q1065,1853,1943,1853-01-01T00:00:00Z,1943-01-01T00:00:00Z,33,1832-01-01T00:00:00Z,1942-01-01T00:00:00Z,1886-01-01T00:00:00Z,1892-01-01T00:00:00Z,33,39,1892,1886
Q1065,Helen Mary Tirard,,1889-01-01T00:00:00Z,1889,9,1889,,,Q1065-74da8642-4fd1-d295-3fb1-73f0e5b89d06,https://beyond-notability.wikibase.cloud/entity/Q1065,1853,1943,1853-01-01T00:00:00Z,1943-01-01T00:00:00Z,36,1832-01-01T00:00:00Z,1942-01-01T00:00:00Z,1886-01-01T00:00:00Z,1892-01-01T00:00:00Z,33,39,1892,1886
Q1065,Helen Mary Tirard,,1892-01-01T00:00:00Z,1892,9,1892,,,Q1065-164222e3-457a-3298-bbc1-5498f6666de1,https://beyond-notability.wikibase.cloud/entity/Q1065,1853,1943,1853-01-01T00:00:00Z,1943-01-01T00:00:00Z,39,1832-01-01T00:00:00Z,1942-01-01T00:00:00Z,1886-01-01T00:00:00Z,1892-01-01T00:00:00Z,33,39,1892,1886
Q106,Jacquetta Hawkes,,1937-01-01T00:00:00Z,1937,9,1937,,,Q106-e973c76c-4f15-5aa9-2a65-3b77a8eb18bd,https://beyond-notability.wikibase.cloud/entity/Q106,1910,1996,1910-08-05T00:00:00Z,1996-03-18T00:00:00Z,27,1832-01-01T00:00:00Z,1942-01-01T00:00:00Z,1937-01-01T00:00:00Z,1937-01-01T00:00:00Z,27,27,1937,1937
Q1154,Jane Morris,,1861-01-01T00:00:00Z,1861,9,1861,,,Q1154-fa17e9c7-4a10-dbdb-62e4-0944b6010759,https://beyond-notability.wikibase.cloud/entity/Q1154,1839,1914,1839-10-19T00:00:00Z,1914-01-26T00:00:00Z,22,1832-01-01T00:00:00Z,1942-01-01T00:00:00Z,1861-01-01T00:00:00Z,1862-01-01T00:00:00Z,22,23,1862,1861
Q1154,Jane Morris,,1862-01-01T00:00:00Z,1862,9,1862,,,Q1154-400701fc-447e-a570-6d93-ac7c5da06a6f,https://beyond-notability.wikibase.cloud/entity/Q1154,1839,1914,1839-10-19T00:00:00Z,1914-01-26T00:00:00Z,23,1832-01-01T00:00:00Z,1942-01-01T00:00:00Z,1861-01-01T00:00:00Z,1862-01-01T00:00:00Z,22,23,1862,1861
Q1269,Janet Elizabeth Birch,,1910-07-14T00:00:00Z,1910,11,1910-07-14,,,Q1269-0827a080-411c-1314-34b2-80c05528d785,https://beyond-notability.wikibase.cloud/entity/Q1269,1877,1929,1877-05-21T00:00:00Z,1929-01-01T00:00:00Z,33,1832-01-01T00:00:00Z,1942-01-01T00:00:00Z,1910-07-14T00:00:00Z,1910-07-14T00:00:00Z,33,33,1910,1910
Q844,Josephine Mary Elizabeth Davies,,1891-01-01T00:00:00Z,1891,9,1891,,,Q844-d42e6830-4563-09b8-f0fb-3befa04074fe,https://beyond-notability.wikibase.cloud/entity/Q844,1868,1920,1868-01-01T00:00:00Z,1920-01-01T00:00:00Z,23,1832-01-01T00:00:00Z,1942-01-01T00:00:00Z,1891-01-01T00:00:00Z,1891-01-01T00:00:00Z,23,23,1891,1891
Q177,Katherine Ada Esdaile,,1910-01-01T00:00:00Z,1910,9,1910,,,Q177-d5847f30-4881-8f58-c895-21975202f370,https://beyond-notability.wikibase.cloud/entity/Q177,1881,1950,1881-04-23T00:00:00Z,1950-08-31T00:00:00Z,29,1832-01-01T00:00:00Z,1942-01-01T00:00:00Z,1910-01-01T00:00:00Z,1919-01-01T00:00:00Z,29,38,1919,1910
Q177,Katherine Ada Esdaile,,1913-01-01T00:00:00Z,1913,9,1913,,,Q177-c610e896-45fb-1692-9353-19c279b0795b,https://beyond-notability.wikibase.cloud/entity/Q177,1881,1950,1881-04-23T00:00:00Z,1950-08-31T00:00:00Z,32,1832-01-01T00:00:00Z,1942-01-01T00:00:00Z,1910-01-01T00:00:00Z,1919-01-01T00:00:00Z,29,38,1919,1910
Q177,Katherine Ada Esdaile,,1919-01-01T00:00:00Z,1919,9,1919,,,Q177-f86d59dd-47ca-44dd-f3e0-fbecd90982af,https://beyond-notability.wikibase.cloud/entity/Q177,1881,1950,1881-04-23T00:00:00Z,1950-08-31T00:00:00Z,38,1832-01-01T00:00:00Z,1942-01-01T00:00:00Z,1910-01-01T00:00:00Z,1919-01-01T00:00:00Z,29,38,1919,1910
Q998,Lina Chaworth Musters,,1860-01-01T00:00:00Z,1860,9,1860,,,Q998-ff91d8a5-489a-f93f-12af-bb7588341160,https://beyond-notability.wikibase.cloud/entity/Q998,1842,1912,1842-01-01T00:00:00Z,1912-02-01T00:00:00Z,18,1832-01-01T00:00:00Z,1942-01-01T00:00:00Z,1860-01-01T00:00:00Z,1871-01-01T00:00:00Z,18,29,1871,1860
Q998,Lina Chaworth Musters,,1863-01-01T00:00:00Z,1863,9,1863,,,Q998-345c975e-4eb5-69f9-e4fc-48e870e11516,https://beyond-notability.wikibase.cloud/entity/Q998,1842,1912,1842-01-01T00:00:00Z,1912-02-01T00:00:00Z,21,1832-01-01T00:00:00Z,1942-01-01T00:00:00Z,1860-01-01T00:00:00Z,1871-01-01T00:00:00Z,18,29,1871,1860
Q998,Lina Chaworth Musters,,1864-01-01T00:00:00Z,1864,9,1864,,,Q998-d0016b7e-4c6e-bd07-a209-6a90d1b8c575,https://beyond-notability.wikibase.cloud/entity/Q998,1842,1912,1842-01-01T00:00:00Z,1912-02-01T00:00:00Z,22,1832-01-01T00:00:00Z,1942-01-01T00:00:00Z,1860-01-01T00:00:00Z,1871-01-01T00:00:00Z,18,29,1871,1860
Q998,Lina Chaworth Musters,,1868-01-01T00:00:00Z,1868,9,1868,,,Q998-17f67f00-4b0c-18d3-78a6-f893a25c2490,https://beyond-notability.wikibase.cloud/entity/Q998,1842,1912,1842-01-01T00:00:00Z,1912-02-01T00:00:00Z,26,1832-01-01T00:00:00Z,1942-01-01T00:00:00Z,1860-01-01T00:00:00Z,1871-01-01T00:00:00Z,18,29,1871,1860
Q998,Lina Chaworth Musters,,1871-01-01T00:00:00Z,1871,9,1871,,,Q998-b0e48fb6-4356-1777-36fe-8250ecb47f47,https://beyond-notability.wikibase.cloud/entity/Q998,1842,1912,1842-01-01T00:00:00Z,1912-02-01T00:00:00Z,29,1832-01-01T00:00:00Z,1942-01-01T00:00:00Z,1860-01-01T00:00:00Z,1871-01-01T00:00:00Z,18,29,1871,1860
Q475,Louisa Laura Forbes Caton,,1885-01-01T00:00:00Z,1885,9,1885,,,Q475-dcb54d2c-4428-c155-f158-f73df08042bd,https://beyond-notability.wikibase.cloud/entity/Q475,1863,1950,1863-01-01T00:00:00Z,1950-01-01T00:00:00Z,22,1832-01-01T00:00:00Z,1942-01-01T00:00:00Z,1885-01-01T00:00:00Z,1888-01-01T00:00:00Z,22,25,1888,1885
Q475,Louisa Laura Forbes Caton,,1886-01-01T00:00:00Z,1886,9,1886,,,Q475-ee6760f0-4af0-7d6e-402f-12ffd57cb8b7,https://beyond-notability.wikibase.cloud/entity/Q475,1863,1950,1863-01-01T00:00:00Z,1950-01-01T00:00:00Z,23,1832-01-01T00:00:00Z,1942-01-01T00:00:00Z,1885-01-01T00:00:00Z,1888-01-01T00:00:00Z,22,25,1888,1885
Q475,Louisa Laura Forbes Caton,,1888-01-01T00:00:00Z,1888,9,1888,,,Q475-f3f8a7a2-4d6e-5477-2f8a-a173f8a810c9,https://beyond-notability.wikibase.cloud/entity/Q475,1863,1950,1863-01-01T00:00:00Z,1950-01-01T00:00:00Z,25,1832-01-01T00:00:00Z,1942-01-01T00:00:00Z,1885-01-01T00:00:00Z,1888-01-01T00:00:00Z,22,25,1888,1885
Q1599,Lucy Nichols,,1844-06-08T00:00:00Z,1844,11,1844-06-08,,,Q1599-9c4e6e5e-48d7-868b-b36d-fa4aeff3bddb,https://beyond-notability.wikibase.cloud/entity/Q1599,1820,1907,1820-07-01T00:00:00Z,1907-01-01T00:00:00Z,24,1832-01-01T00:00:00Z,1942-01-01T00:00:00Z,1844-06-08T00:00:00Z,1855-08-27T00:00:00Z,24,35,1855,1844
Q1599,Lucy Nichols,,1848-11-18T00:00:00Z,1848,11,1848-11-18,,,Q1599-80598453-40d3-cda4-a54d-238f548c6c89,https://beyond-notability.wikibase.cloud/entity/Q1599,1820,1907,1820-07-01T00:00:00Z,1907-01-01T00:00:00Z,28,1832-01-01T00:00:00Z,1942-01-01T00:00:00Z,1844-06-08T00:00:00Z,1855-08-27T00:00:00Z,24,35,1855,1844
Q1599,Lucy Nichols,,1855-08-27T00:00:00Z,1855,11,1855-08-27,,,Q1599-ac96f98d-4a54-1930-113a-284c6b2ba2a0,https://beyond-notability.wikibase.cloud/entity/Q1599,1820,1907,1820-07-01T00:00:00Z,1907-01-01T00:00:00Z,35,1832-01-01T00:00:00Z,1942-01-01T00:00:00Z,1844-06-08T00:00:00Z,1855-08-27T00:00:00Z,24,35,1855,1844
Q1027,Lucy Ramsay,,1874-01-01T00:00:00Z,1874,9,1874,,,Q1027-dc405039-4946-26b4-6acf-53e65cf25a4c,https://beyond-notability.wikibase.cloud/entity/Q1027,1850,1905,1850-11-10T00:00:00Z,1905-07-04T00:00:00Z,24,1832-01-01T00:00:00Z,1942-01-01T00:00:00Z,1874-01-01T00:00:00Z,1878-01-01T00:00:00Z,24,28,1878,1874
Q1027,Lucy Ramsay,,1876-01-01T00:00:00Z,1876,9,1876,,,Q1027-8523ad60-47c6-328e-b735-9d2f44730bcf,https://beyond-notability.wikibase.cloud/entity/Q1027,1850,1905,1850-11-10T00:00:00Z,1905-07-04T00:00:00Z,26,1832-01-01T00:00:00Z,1942-01-01T00:00:00Z,1874-01-01T00:00:00Z,1878-01-01T00:00:00Z,24,28,1878,1874
Q1027,Lucy Ramsay,,1878-01-01T00:00:00Z,1878,9,1878,,,Q1027-768bb54f-40fa-777b-0bfb-2623f323ee0a,https://beyond-notability.wikibase.cloud/entity/Q1027,1850,1905,1850-11-10T00:00:00Z,1905-07-04T00:00:00Z,28,1832-01-01T00:00:00Z,1942-01-01T00:00:00Z,1874-01-01T00:00:00Z,1878-01-01T00:00:00Z,24,28,1878,1874
Q1149,Mabel Morrison,,1868-01-01T00:00:00Z,1868,9,1868,,,Q1149-e4744dd2-460b-8a73-a991-002946317c43,https://beyond-notability.wikibase.cloud/entity/Q1149,1847,1933,1847-05-01T00:00:00Z,1933-03-01T00:00:00Z,21,1832-01-01T00:00:00Z,1942-01-01T00:00:00Z,1868-01-01T00:00:00Z,1873-01-01T00:00:00Z,21,26,1873,1868
Q1149,Mabel Morrison,,1870-01-01T00:00:00Z,1870,9,1870,,,Q1149-a17ffa4a-40c4-e258-49b8-0d75538c208b,https://beyond-notability.wikibase.cloud/entity/Q1149,1847,1933,1847-05-01T00:00:00Z,1933-03-01T00:00:00Z,23,1832-01-01T00:00:00Z,1942-01-01T00:00:00Z,1868-01-01T00:00:00Z,1873-01-01T00:00:00Z,21,26,1873,1868
Q1149,Mabel Morrison,,1872-01-01T00:00:00Z,1872,9,1872,,,Q1149-7d7f21d9-4d86-5788-7600-89ef0b9742f1,https://beyond-notability.wikibase.cloud/entity/Q1149,1847,1933,1847-05-01T00:00:00Z,1933-03-01T00:00:00Z,25,1832-01-01T00:00:00Z,1942-01-01T00:00:00Z,1868-01-01T00:00:00Z,1873-01-01T00:00:00Z,21,26,1873,1868
Q1149,Mabel Morrison,,1873-01-01T00:00:00Z,1873,9,1873,,,Q1149-c60eeeb2-49dd-62dc-b53b-0fcbb73aa663,https://beyond-notability.wikibase.cloud/entity/Q1149,1847,1933,1847-05-01T00:00:00Z,1933-03-01T00:00:00Z,26,1832-01-01T00:00:00Z,1942-01-01T00:00:00Z,1868-01-01T00:00:00Z,1873-01-01T00:00:00Z,21,26,1873,1868
Q423,Margaret Augusta Dodd,,1872-01-01T00:00:00Z,1872,9,1872,,,Q423-1bafa9b1-4d0a-55a1-9d05-ce420c906d52,https://beyond-notability.wikibase.cloud/entity/Q423,1851,1930,1851-01-01T00:00:00Z,1930-10-18T00:00:00Z,21,1832-01-01T00:00:00Z,1942-01-01T00:00:00Z,1872-01-01T00:00:00Z,1876-01-01T00:00:00Z,21,25,1876,1872
Q423,Margaret Augusta Dodd,,1874-01-01T00:00:00Z,1874,9,1874,,,Q423-c6b124eb-4486-1ad6-d54e-537915e1747c,https://beyond-notability.wikibase.cloud/entity/Q423,1851,1930,1851-01-01T00:00:00Z,1930-10-18T00:00:00Z,23,1832-01-01T00:00:00Z,1942-01-01T00:00:00Z,1872-01-01T00:00:00Z,1876-01-01T00:00:00Z,21,25,1876,1872
Q423,Margaret Augusta Dodd,,1876-01-01T00:00:00Z,1876,9,1876,,,Q423-e1388545-42a2-5f2b-820a-e0d836d41622,https://beyond-notability.wikibase.cloud/entity/Q423,1851,1930,1851-01-01T00:00:00Z,1930-10-18T00:00:00Z,25,1832-01-01T00:00:00Z,1942-01-01T00:00:00Z,1872-01-01T00:00:00Z,1876-01-01T00:00:00Z,21,25,1876,1872
Q3658,Margaret Emily Blaauw,,1834-01-01T00:00:00Z,1834,9,1834,,,Q3658-10981dab-4a21-c6ad-a585-e7ea12482086,https://beyond-notability.wikibase.cloud/entity/Q3658,1798,1881,1798-11-01T00:00:00Z,1881-08-01T00:00:00Z,36,1832-01-01T00:00:00Z,1942-01-01T00:00:00Z,1834-01-01T00:00:00Z,1839-01-01T00:00:00Z,36,41,1839,1834
Q3658,Margaret Emily Blaauw,,1839-01-01T00:00:00Z,1839,9,1839,,,Q3658-d1288088-4acd-134f-f0be-749a13d1411d,https://beyond-notability.wikibase.cloud/entity/Q3658,1798,1881,1798-11-01T00:00:00Z,1881-08-01T00:00:00Z,41,1832-01-01T00:00:00Z,1942-01-01T00:00:00Z,1834-01-01T00:00:00Z,1839-01-01T00:00:00Z,36,41,1839,1834
Q1074,Margaret Maria Verney,,1873-01-01T00:00:00Z,1873,9,1873,,,Q1074-da9f369b-450b-aa0a-6662-871ae0e6de83,https://beyond-notability.wikibase.cloud/entity/Q1074,1844,1930,1844-12-03T00:00:00Z,1930-05-07T00:00:00Z,29,1832-01-01T00:00:00Z,1942-01-01T00:00:00Z,1873-01-01T00:00:00Z,1881-01-01T00:00:00Z,29,37,1881,1873
Q1074,Margaret Maria Verney,,1875-01-01T00:00:00Z,1875,9,1875,,,Q1074-331b9e25-4a6e-f431-4e80-54ce1ce3e75e,https://beyond-notability.wikibase.cloud/entity/Q1074,1844,1930,1844-12-03T00:00:00Z,1930-05-07T00:00:00Z,31,1832-01-01T00:00:00Z,1942-01-01T00:00:00Z,1873-01-01T00:00:00Z,1881-01-01T00:00:00Z,29,37,1881,1873
Q1074,Margaret Maria Verney,,1879-01-01T00:00:00Z,1879,9,1879,,,Q1074-0434715e-490b-946d-1fea-dc40adcdc7e7,https://beyond-notability.wikibase.cloud/entity/Q1074,1844,1930,1844-12-03T00:00:00Z,1930-05-07T00:00:00Z,35,1832-01-01T00:00:00Z,1942-01-01T00:00:00Z,1873-01-01T00:00:00Z,1881-01-01T00:00:00Z,29,37,1881,1873
Q1074,Margaret Maria Verney,,1881-01-01T00:00:00Z,1881,9,1881,,,Q1074-0ab11751-4372-4286-bbd2-2d27397db56c,https://beyond-notability.wikibase.cloud/entity/Q1074,1844,1930,1844-12-03T00:00:00Z,1930-05-07T00:00:00Z,37,1832-01-01T00:00:00Z,1942-01-01T00:00:00Z,1873-01-01T00:00:00Z,1881-01-01T00:00:00Z,29,37,1881,1873
Q507,Margaret Sefton-Jones,,1898-01-01T00:00:00Z,1898,9,1898,,,Q507-b4a1b54b-4cb1-493c-a3ab-3c47605eb10a,https://beyond-notability.wikibase.cloud/entity/Q507,1865,1948,1865-01-01T00:00:00Z,1948-02-14T00:00:00Z,33,1832-01-01T00:00:00Z,1942-01-01T00:00:00Z,1898-01-01T00:00:00Z,1898-01-01T00:00:00Z,33,33,1898,1898
Q1253,Margaret Susan Tyssen-Amherst,Mary Rothes Margaret Cecil,1857-04-25T00:00:00Z,1857,11,,,Q482,Q1253-52d2f7bc-4023-9fb5-e9cd-a6835c372c46,https://beyond-notability.wikibase.cloud/entity/Q1253,1835,1919,1835-01-08T00:00:00Z,1919-11-02T00:00:00Z,22,1832-01-01T00:00:00Z,1942-01-01T00:00:00Z,1857-04-25T00:00:00Z,1870-01-01T00:00:00Z,22,35,1870,1857
Q1253,Margaret Susan Tyssen-Amherst,,1858-01-01T00:00:00Z,1858,9,1858,,,Q1253-4577a455-47b0-5524-78a6-4955628caf04,https://beyond-notability.wikibase.cloud/entity/Q1253,1835,1919,1835-01-08T00:00:00Z,1919-11-02T00:00:00Z,23,1832-01-01T00:00:00Z,1942-01-01T00:00:00Z,1857-04-25T00:00:00Z,1870-01-01T00:00:00Z,22,35,1870,1857
Q1253,Margaret Susan Tyssen-Amherst,,1859-01-01T00:00:00Z,1859,9,1859,,,Q1253-f090dd19-46e3-4e8c-0978-54ee61511a61,https://beyond-notability.wikibase.cloud/entity/Q1253,1835,1919,1835-01-08T00:00:00Z,1919-11-02T00:00:00Z,24,1832-01-01T00:00:00Z,1942-01-01T00:00:00Z,1857-04-25T00:00:00Z,1870-01-01T00:00:00Z,22,35,1870,1857
Q1253,Margaret Susan Tyssen-Amherst,,1860-01-01T00:00:00Z,1860,9,1860,,,Q1253-66da47d6-440d-b93a-3a02-6f5bd5db88c7,https://beyond-notability.wikibase.cloud/entity/Q1253,1835,1919,1835-01-08T00:00:00Z,1919-11-02T00:00:00Z,25,1832-01-01T00:00:00Z,1942-01-01T00:00:00Z,1857-04-25T00:00:00Z,1870-01-01T00:00:00Z,22,35,1870,1857
Q1253,Margaret Susan Tyssen-Amherst,,1864-01-01T00:00:00Z,1864,9,1864,,,Q1253-ac91744b-496c-3a27-0f16-6828926df9f5,https://beyond-notability.wikibase.cloud/entity/Q1253,1835,1919,1835-01-08T00:00:00Z,1919-11-02T00:00:00Z,29,1832-01-01T00:00:00Z,1942-01-01T00:00:00Z,1857-04-25T00:00:00Z,1870-01-01T00:00:00Z,22,35,1870,1857
Q1253,Margaret Susan Tyssen-Amherst,Alicia Tyssen-Amherst,1865-07-30T00:00:00Z,1865,11,,,Q1378,Q1253-ad006680-414b-b9b6-a30b-395d00adb35e,https://beyond-notability.wikibase.cloud/entity/Q1253,1835,1919,1835-01-08T00:00:00Z,1919-11-02T00:00:00Z,30,1832-01-01T00:00:00Z,1942-01-01T00:00:00Z,1857-04-25T00:00:00Z,1870-01-01T00:00:00Z,22,35,1870,1857
Q1253,Margaret Susan Tyssen-Amherst,,1866-01-01T00:00:00Z,1866,9,1866,,,Q1253-dae9a397-4f2d-d099-b36f-a91928a6da55,https://beyond-notability.wikibase.cloud/entity/Q1253,1835,1919,1835-01-08T00:00:00Z,1919-11-02T00:00:00Z,31,1832-01-01T00:00:00Z,1942-01-01T00:00:00Z,1857-04-25T00:00:00Z,1870-01-01T00:00:00Z,22,35,1870,1857
Q1253,Margaret Susan Tyssen-Amherst,,1868-01-01T00:00:00Z,1868,9,1868,,,Q1253-e9da619f-4656-1bfb-a3a6-1f69b8d5861e,https://beyond-notability.wikibase.cloud/entity/Q1253,1835,1919,1835-01-08T00:00:00Z,1919-11-02T00:00:00Z,33,1832-01-01T00:00:00Z,1942-01-01T00:00:00Z,1857-04-25T00:00:00Z,1870-01-01T00:00:00Z,22,35,1870,1857
Q1253,Margaret Susan Tyssen-Amherst,,1870-01-01T00:00:00Z,1870,9,1870,,,Q1253-dd2884fc-4632-961c-4b06-ac86dbbf4f80,https://beyond-notability.wikibase.cloud/entity/Q1253,1835,1919,1835-01-08T00:00:00Z,1919-11-02T00:00:00Z,35,1832-01-01T00:00:00Z,1942-01-01T00:00:00Z,1857-04-25T00:00:00Z,1870-01-01T00:00:00Z,22,35,1870,1857
Q624,Maria Millington Lathbury Evans,Joan Evans,1893-06-22T00:00:00Z,1893,11,,,Q275,Q624-a28e942c-43df-747f-6ee7-9b485ea6a48a,https://beyond-notability.wikibase.cloud/entity/Q624,1856,1944,1856-12-04T00:00:00Z,1944-01-01T00:00:00Z,37,1832-01-01T00:00:00Z,1942-01-01T00:00:00Z,1893-06-22T00:00:00Z,1893-06-22T00:00:00Z,37,37,1893,1893
Q734,Marie Clothilde Balfour,,1887-01-01T00:00:00Z,1887,9,1887,,,Q734-acac1cd1-4481-64bf-0ad6-d9ca560eebc5,https://beyond-notability.wikibase.cloud/entity/Q734,1862,1931,1862-01-01T00:00:00Z,1931-01-01T00:00:00Z,25,1832-01-01T00:00:00Z,1942-01-01T00:00:00Z,1887-01-01T00:00:00Z,1887-01-01T00:00:00Z,25,25,1887,1887
Q2092,Mary Anne Everett Green,,1847-01-01T00:00:00Z,1847,9,1847,,,Q2092-76be87f2-4d5b-13f9-058f-1fd73065a979,https://beyond-notability.wikibase.cloud/entity/Q2092,1818,1895,1818-07-19T00:00:00Z,1895-11-01T00:00:00Z,29,1832-01-01T00:00:00Z,1942-01-01T00:00:00Z,1847-01-01T00:00:00Z,1859-01-01T00:00:00Z,29,41,1859,1847
Q2092,Mary Anne Everett Green,,1854-01-01T00:00:00Z,1854,9,1854,,,Q2092-59fb1a4d-441e-78cb-c765-2e08c97ce97a,https://beyond-notability.wikibase.cloud/entity/Q2092,1818,1895,1818-07-19T00:00:00Z,1895-11-01T00:00:00Z,36,1832-01-01T00:00:00Z,1942-01-01T00:00:00Z,1847-01-01T00:00:00Z,1859-01-01T00:00:00Z,29,41,1859,1847
Q2092,Mary Anne Everett Green,,1856-01-01T00:00:00Z,1856,9,1856,,,Q2092-03c85e33-4eac-eeed-1fc3-8b2e28bd9eed,https://beyond-notability.wikibase.cloud/entity/Q2092,1818,1895,1818-07-19T00:00:00Z,1895-11-01T00:00:00Z,38,1832-01-01T00:00:00Z,1942-01-01T00:00:00Z,1847-01-01T00:00:00Z,1859-01-01T00:00:00Z,29,41,1859,1847
Q2092,Mary Anne Everett Green,,1859-01-01T00:00:00Z,1859,9,1859,,,Q2092-d373cd8e-4cf5-9735-5d7e-1cfea3cbeb47,https://beyond-notability.wikibase.cloud/entity/Q2092,1818,1895,1818-07-19T00:00:00Z,1895-11-01T00:00:00Z,41,1832-01-01T00:00:00Z,1942-01-01T00:00:00Z,1847-01-01T00:00:00Z,1859-01-01T00:00:00Z,29,41,1859,1847
Q847,Mary Louisa Dawson,,1889-01-01T00:00:00Z,1889,9,1889,,,Q847-fc105e7c-4ad4-0bbd-17f1-31c13395cbc0,https://beyond-notability.wikibase.cloud/entity/Q847,1851,,1851-01-01T00:00:00Z,,38,1832-01-01T00:00:00Z,1942-01-01T00:00:00Z,1889-01-01T00:00:00Z,1889-01-01T00:00:00Z,38,38,1889,1889
Q1005,Mary Owen,,1896-01-01T00:00:00Z,1896,9,1896,,,Q1005-78711284-4442-da68-e022-58c76cfa22e7,https://beyond-notability.wikibase.cloud/entity/Q1005,1864,1941,1864-01-01T00:00:00Z,1941-01-01T00:00:00Z,32,1832-01-01T00:00:00Z,1942-01-01T00:00:00Z,1896-01-01T00:00:00Z,1896-01-01T00:00:00Z,32,32,1896,1896
Q482,Mary Rothes Margaret Cecil,,1886-01-01T00:00:00Z,1886,9,1886,,,Q482-4d049dad-41e8-2817-478a-5dfceeae7c99,https://beyond-notability.wikibase.cloud/entity/Q482,1857,1919,1857-04-25T00:00:00Z,1919-12-21T00:00:00Z,29,1832-01-01T00:00:00Z,1942-01-01T00:00:00Z,1886-01-01T00:00:00Z,1893-01-01T00:00:00Z,29,36,1893,1886
Q482,Mary Rothes Margaret Cecil,,1887-01-01T00:00:00Z,1887,9,1887,,,Q482-5f6293ab-471c-4c25-c7f0-3cd53cbaecd2,https://beyond-notability.wikibase.cloud/entity/Q482,1857,1919,1857-04-25T00:00:00Z,1919-12-21T00:00:00Z,30,1832-01-01T00:00:00Z,1942-01-01T00:00:00Z,1886-01-01T00:00:00Z,1893-01-01T00:00:00Z,29,36,1893,1886
Q482,Mary Rothes Margaret Cecil,,1890-01-01T00:00:00Z,1890,9,1890,,,Q482-cec0a4f0-4d06-c94b-46e4-d61da8c1ada0,https://beyond-notability.wikibase.cloud/entity/Q482,1857,1919,1857-04-25T00:00:00Z,1919-12-21T00:00:00Z,33,1832-01-01T00:00:00Z,1942-01-01T00:00:00Z,1886-01-01T00:00:00Z,1893-01-01T00:00:00Z,29,36,1893,1886
Q482,Mary Rothes Margaret Cecil,,1893-01-01T00:00:00Z,1893,9,1893,,,Q482-38c3e6b8-400a-ec55-a23c-77ab9f3696db,https://beyond-notability.wikibase.cloud/entity/Q482,1857,1919,1857-04-25T00:00:00Z,1919-12-21T00:00:00Z,36,1832-01-01T00:00:00Z,1942-01-01T00:00:00Z,1886-01-01T00:00:00Z,1893-01-01T00:00:00Z,29,36,1893,1886
Q2836,May Elliot Hobbs,,1907-01-01T00:00:00Z,1907,9,1907,,,Q2836-12e9bf8b-41a0-44ae-e1ca-deeffe1626b8,https://beyond-notability.wikibase.cloud/entity/Q2836,1877,1956,1877-01-01T00:00:00Z,1956-01-01T00:00:00Z,30,1832-01-01T00:00:00Z,1942-01-01T00:00:00Z,1907-01-01T00:00:00Z,1907-01-01T00:00:00Z,30,30,1907,1907
Q881,Mildred Berkeley,,1881-01-01T00:00:00Z,1881,9,1881,,,Q881-3e1fd8a9-4b79-384f-a6d4-44523b58fb1f,https://beyond-notability.wikibase.cloud/entity/Q881,1857,1944,1857-01-01T00:00:00Z,1944-05-19T00:00:00Z,24,1832-01-01T00:00:00Z,1942-01-01T00:00:00Z,1881-01-01T00:00:00Z,1890-01-01T00:00:00Z,24,33,1890,1881
Q881,Mildred Berkeley,,1882-01-01T00:00:00Z,1882,9,1882,,,Q881-c16f796f-483f-8f09-a081-2f42f101b897,https://beyond-notability.wikibase.cloud/entity/Q881,1857,1944,1857-01-01T00:00:00Z,1944-05-19T00:00:00Z,25,1832-01-01T00:00:00Z,1942-01-01T00:00:00Z,1881-01-01T00:00:00Z,1890-01-01T00:00:00Z,24,33,1890,1881
Q881,Mildred Berkeley,,1887-01-01T00:00:00Z,1887,9,1887,,,Q881-66364037-47eb-d470-1092-9ecde7296004,https://beyond-notability.wikibase.cloud/entity/Q881,1857,1944,1857-01-01T00:00:00Z,1944-05-19T00:00:00Z,30,1832-01-01T00:00:00Z,1942-01-01T00:00:00Z,1881-01-01T00:00:00Z,1890-01-01T00:00:00Z,24,33,1890,1881
Q881,Mildred Berkeley,,1889-01-01T00:00:00Z,1889,9,1889,,,Q881-1153ce8d-498b-9980-fb48-97d3e80f5319,https://beyond-notability.wikibase.cloud/entity/Q881,1857,1944,1857-01-01T00:00:00Z,1944-05-19T00:00:00Z,32,1832-01-01T00:00:00Z,1942-01-01T00:00:00Z,1881-01-01T00:00:00Z,1890-01-01T00:00:00Z,24,33,1890,1881
Q881,Mildred Berkeley,,1890-01-01T00:00:00Z,1890,9,1890,,,Q881-ece1fc9d-4673-13dd-d2aa-3984f6b9198f,https://beyond-notability.wikibase.cloud/entity/Q881,1857,1944,1857-01-01T00:00:00Z,1944-05-19T00:00:00Z,33,1832-01-01T00:00:00Z,1942-01-01T00:00:00Z,1881-01-01T00:00:00Z,1890-01-01T00:00:00Z,24,33,1890,1881
Q76,Rachael Poole,,1883-01-01T00:00:00Z,1883,9,1883,,,Q76-b3f574fa-4488-3698-517a-beee09cb23f4,https://beyond-notability.wikibase.cloud/entity/Q76,1860,1937,1860-06-13T00:00:00Z,1937-04-09T00:00:00Z,23,1832-01-01T00:00:00Z,1942-01-01T00:00:00Z,1883-01-01T00:00:00Z,1890-01-01T00:00:00Z,23,30,1890,1883
Q76,Rachael Poole,,1886-01-01T00:00:00Z,1886,9,1886,,,Q76-f7aff558-47e0-1740-e42a-960d5b39489f,https://beyond-notability.wikibase.cloud/entity/Q76,1860,1937,1860-06-13T00:00:00Z,1937-04-09T00:00:00Z,26,1832-01-01T00:00:00Z,1942-01-01T00:00:00Z,1883-01-01T00:00:00Z,1890-01-01T00:00:00Z,23,30,1890,1883
Q76,Rachael Poole,,1889-01-01T00:00:00Z,1889,9,1889,,,Q76-e3583404-4b40-82a5-0461-b7a01c74a435,https://beyond-notability.wikibase.cloud/entity/Q76,1860,1937,1860-06-13T00:00:00Z,1937-04-09T00:00:00Z,29,1832-01-01T00:00:00Z,1942-01-01T00:00:00Z,1883-01-01T00:00:00Z,1890-01-01T00:00:00Z,23,30,1890,1883
Q76,Rachael Poole,,1890-01-01T00:00:00Z,1890,9,1890,,,Q76-da5b1076-421f-1697-f050-d20ef355e5f0,https://beyond-notability.wikibase.cloud/entity/Q76,1860,1937,1860-06-13T00:00:00Z,1937-04-09T00:00:00Z,30,1832-01-01T00:00:00Z,1942-01-01T00:00:00Z,1883-01-01T00:00:00Z,1890-01-01T00:00:00Z,23,30,1890,1883
Q2924,Sarah Elizabeth Hay-Williams,Margaret Maria Verney,1844-12-03T00:00:00Z,1844,11,,,Q1074,Q2924-dc65611c-46ce-3830-3a4e-510d7e85a78c,https://beyond-notability.wikibase.cloud/entity/Q2924,1801,1876,1801-07-09T00:00:00Z,1876-08-08T00:00:00Z,43,1832-01-01T00:00:00Z,1942-01-01T00:00:00Z,1844-12-03T00:00:00Z,1844-12-03T00:00:00Z,43,43,1844,1844
Q960,Sophia Crawford Lomas,,1872-01-01T00:00:00Z,1872,9,1872,,,Q960-b2ea5faa-450a-72a3-a6cf-7f9d3bc1dbaa,https://beyond-notability.wikibase.cloud/entity/Q960,1849,1929,1849-01-01T00:00:00Z,1929-04-17T00:00:00Z,23,1832-01-01T00:00:00Z,1942-01-01T00:00:00Z,1872-01-01T00:00:00Z,1874-01-01T00:00:00Z,23,25,1874,1872
Q960,Sophia Crawford Lomas,,1874-01-01T00:00:00Z,1874,9,1874,,,Q960-445b112a-44ba-9c98-942d-f0474526ddc7,https://beyond-notability.wikibase.cloud/entity/Q960,1849,1929,1849-01-01T00:00:00Z,1929-04-17T00:00:00Z,25,1832-01-01T00:00:00Z,1942-01-01T00:00:00Z,1872-01-01T00:00:00Z,1874-01-01T00:00:00Z,23,25,1874,1872
Q3738,Sybil Mary Gella Wynne-Jones,,1917-01-01T00:00:00Z,1917,9,1917,,,Q3738-e27822ad-4b52-5d68-3254-b122dde84e76,https://beyond-notability.wikibase.cloud/entity/Q3738,1889,1975,1889-01-01T00:00:00Z,1975-01-01T00:00:00Z,28,1832-01-01T00:00:00Z,1942-01-01T00:00:00Z,1917-01-01T00:00:00Z,1922-01-01T00:00:00Z,28,33,1922,1917
Q3738,Sybil Mary Gella Wynne-Jones,,1919-01-01T00:00:00Z,1919,9,1919,,,Q3738-9a83f745-4698-8cc0-d145-0628d2de17aa,https://beyond-notability.wikibase.cloud/entity/Q3738,1889,1975,1889-01-01T00:00:00Z,1975-01-01T00:00:00Z,30,1832-01-01T00:00:00Z,1942-01-01T00:00:00Z,1917-01-01T00:00:00Z,1922-01-01T00:00:00Z,28,33,1922,1917
Q3738,Sybil Mary Gella Wynne-Jones,,1922-01-01T00:00:00Z,1922,9,1922,,,Q3738-b35a1598-4335-0495-5184-a3aaf6124c77,https://beyond-notability.wikibase.cloud/entity/Q3738,1889,1975,1889-01-01T00:00:00Z,1975-01-01T00:00:00Z,33,1832-01-01T00:00:00Z,1942-01-01T00:00:00Z,1917-01-01T00:00:00Z,1922-01-01T00:00:00Z,28,33,1922,1917
Q145,Tessa Verney Wheeler,,1915-01-01T00:00:00Z,1915,10,1915-01,,,Q145-b7fba0dd-4eb3-99ad-df59-965a8a9b9166,https://beyond-notability.wikibase.cloud/entity/Q145,1893,1936,1893-03-27T00:00:00Z,1936-04-15T00:00:00Z,22,1832-01-01T00:00:00Z,1942-01-01T00:00:00Z,1915-01-01T00:00:00Z,1915-01-01T00:00:00Z,22,22,1915,1915
Q914,Theodora Helyar,,1847-01-01T00:00:00Z,1847,9,1847,,,Q914-23154c6f-4338-e1b9-6659-551b0b566c06,https://beyond-notability.wikibase.cloud/entity/Q914,1820,1909,1820-01-01T00:00:00Z,1909-01-30T00:00:00Z,27,1832-01-01T00:00:00Z,1942-01-01T00:00:00Z,1847-01-01T00:00:00Z,1859-06-14T00:00:00Z,27,39,1859,1847
Q914,Theodora Helyar,,1851-01-01T00:00:00Z,1851,9,1851,,,Q914-672bc17c-4d87-af9a-d011-b5e8688d4eb7,https://beyond-notability.wikibase.cloud/entity/Q914,1820,1909,1820-01-01T00:00:00Z,1909-01-30T00:00:00Z,31,1832-01-01T00:00:00Z,1942-01-01T00:00:00Z,1847-01-01T00:00:00Z,1859-06-14T00:00:00Z,27,39,1859,1847
Q914,Theodora Helyar,,1853-03-16T00:00:00Z,1853,11,1853-03-16,,,Q914-aa6e9fdb-4e58-f0ec-7a57-f80f11434a90,https://beyond-notability.wikibase.cloud/entity/Q914,1820,1909,1820-01-01T00:00:00Z,1909-01-30T00:00:00Z,33,1832-01-01T00:00:00Z,1942-01-01T00:00:00Z,1847-01-01T00:00:00Z,1859-06-14T00:00:00Z,27,39,1859,1847
Q914,Theodora Helyar,,1859-06-14T00:00:00Z,1859,11,1859-06-14,,,Q914-8ee80ab1-4327-3e12-9a2e-fb50d9d8438c,https://beyond-notability.wikibase.cloud/entity/Q914,1820,1909,1820-01-01T00:00:00Z,1909-01-30T00:00:00Z,39,1832-01-01T00:00:00Z,1942-01-01T00:00:00Z,1847-01-01T00:00:00Z,1859-06-14T00:00:00Z,27,39,1859,1847
Q572,Winifred Hansard,,1908-01-01T00:00:00Z,1908,9,1908,,,Q572-7829e0a0-4cef-f5e3-7d66-26057fd897e1,https://beyond-notability.wikibase.cloud/entity/Q572,1871,1937,1871-01-01T00:00:00Z,1937-01-01T00:00:00Z,37,1832-01-01T00:00:00Z,1942-01-01T00:00:00Z,1908-01-01T00:00:00Z,1908-01-01T00:00:00Z,37,37,1908,1908
